aramisf;Aramis Fernandes;aramisf.jpg;https://plus.google.com/111823334458712205300
arhuman;Arnaud Assad;;https://plus.google.com/100710257875177734406
balasatishreddykarri;Balasatish Reddy Karri;balasatishreddykarri.png;https://plus.google.com/105558350789685960778
bruck;Uri Bruck;uribruck.jpg;https://plus.google.com/108060244899341646747
chsanch;Christian Sánchez;chsanch.jpg;https://plus.google.com/104433299874463240657
davidegx;David Escribano García;davidegx.jpg;https://plus.google.com/111533339396404795696
dmcbride;Darin McBride;dmcbride.png;https://plus.google.com/111788256959042644924
fayland;Fayland Lam;fayland.jpg;https://plus.google.com/105867669014322690270
fredlopes;Frederico José Andries Lopes;fredlopes.jpg;https://plus.google.com/101664615812027775183
giatorta;Gianluca Torta;giatorta.jpg;https://plus.google.com/102233996322873848584
gugod;Kang-min Liu;gugod.png;https://plus.google.com/118077021111350586131
keedi;Keedi Kim;keedi.png;https://plus.google.com/116555192679485363257
khadis;Khadis Thok;khadis.png;https://plus.google.com/117015659325563649853
leprevost;Felipe da Veiga Leprevost;leprevost.jpg;https://plus.google.com/107515431915475316857
mca;McA;mca.png
mguttman;Meir Guttman;mguttman.png
nanis;A. Sinan Unur;nanis.png;https://plus.google.com/+ASinanUnur/
oval;Olivier Valuet;;https://plus.google.com/111231154240098109931
nselem;Nelly Selem;;https://plus.google.com/u/0/112224471038090317539
shatlovsky;Alex Shatlovsky;shatlovsky.png;https://plus.google.com/104990662224926649617
shelling;Shelling Ford;shelling.png;https://plus.google.com/113634082684193579669
stefansbv;Ștefan Suciu;stefansbv.png;https://plus.google.com/116214972136525132964
swuecho;Hao Wu;swuecho.png;https://plus.google.com/103923416736713796285
szabgab;Gabor Szabo;szabgab.png;https://plus.google.com/102810219707784087582
terrencehan;Terrence Han;terrencehan.png;https://plus.google.com/115247155710052422629
tudorconstantin;Tudor Constantin;tudorconstantin.jpg;https://plus.google.com/116443916281342539112
paologianrossi;Paolo Gianrossi;paologianrossi.png;https://plus.google.com/106669867472720382849
yongbin;Yongbin Yu;yongbin.jpg;https://plus.google.com/111269003708517945935
herolee;Yingjie Li;herolee.png
thalhammer;Jeffrey Thalhammer;thalhammer.png;https://plus.google.com/114605391649378336888
vti;Вячеслав Тихановский;vti.png;https://plus.google.com/109117812087018133975
enrique;Enrique Nell;enrique.png;https://plus.google.com/102480927985449768119
grubert65;Marco Masetti;marcomasetti.png;https://plus.google.com/105304174562920013376
h2chang;Hsin-Hsiung Chang;
gypark;Geunyoung Park;gypark.jpg;https://plus.google.com/102624623438100467935
mlx;Brian T. Wightman (MLX@cpan);;https://plus.google.com/116563303078084996059
ggl;Gelu Lupaş;;https://plus.google.com/109248329865538291977
johnkang;John Kang;johnkang.jpg;https://plus.google.com/112513302897448870436
ileiva;Israel Leiva;ileiva.png;https://plus.google.com/115251093728227570944
yunchang;Yunchang Kang;yunchang.jpg;https://plus.google.com/111798479978880511587
spidamoo;Vladimir Zatoloka;spidamoo.jpg;https://plus.google.com/108953362301851379228
rampa;Lukáš Rampa;rampa.jpg;https://plus.google.com/109591447228309550336
kbeyazli;Kadir Beyazlı;kbeyazli.jpg;https://plus.google.com/110621377637284058504
ovid;Curtis "Ovid" Poe;ovid.jpg;https://plus.google.com/+CurtisPoe
joaquinferrero;Joaquín Ferrero;joaquinferrero.png;https://plus.google.com/+Joaqu%C3%ADnFerrero
name2rnd;Savenkova Natalya;natalya_savenkova.png;
lenieto3;lenieto3;lenieto3.png;https://twitter.com/lenieto3
ymyasoedov;Yuri Myasoedov;ymyasoedov.jpg;https://plus.google.com/111530493856272287515
danimera;Dani Otelch;dani_otelch.png;
rozie;Paweł Różański;rozie.jpg;
rohan;Rohan Almeida;rohan.jpg;
ferki;Ferenc Erki;ferki.png;
dsdickinson;Steve Dickinson;dsdickinson.jpg;https://plus.google.com/+SteveDickinsonJr
grandfather;Peter Jaquiery;grandfather.jpg;
fenggao;Feng Gao;fenggao.jpg;https://plus.google.com/107683205430064440954
